<templates xml:space="preserve">
<t t-name="sale_repo_app.customer_form_filling_file" owl="1">
    <style>
    /body, html {
    min-height: 100vh;
    margin: 0 !important;
    padding: 0 !important;
    background: #f0f2f5;
    }
    .switch input {
        opacity: 0;
        width: 0;
        height: 0;
    }

    .page-center {
        min-height: 100vh;
        min-width: 100vw;
        background: #f0f2f5;
        display: flex;
        align-items: flex-start;
        justify-content: center;
    }

    .form-outer-wrapper {
        width: 100%;
        max-width: 540px;
        margin: 30px 0;
        box-sizing: border-box;
    }

    .form-container {
        background: #fff;
        border-radius: 16px;
        box-shadow: 0 4px 16px rgba(60,60,60,0.15);
        padding: 2rem 1.25rem 1rem 1.25rem;
        max-height: 82vh;
        overflow-y: auto;
        display: flex;
        flex-direction: column;
    }
    @media (max-width: 600px) {
        .form-outer-wrapper {
            max-width: 100vw;
            margin: 0;
        }
        .form-container {
            padding: 1rem 3vw;
            border-radius: 0;
            box-shadow: none;
        }
    }
    .form-container::-webkit-scrollbar { width: 7px; }
    .form-container::-webkit-scrollbar-thumb {
        background: #e3e5e9;
        border-radius: 8px;
    }
    .customer_form {
        color: #2176ae;
        font-weight: 700;
        letter-spacing: 0.04em;
    }
    .section-title {
        font-size: 1.03rem;
        color: #22305e;
        font-weight: 500;
        margin-bottom: 0.6rem;
        letter-spacing: 0.03em;
    }
    .input-container { position: relative; }
    .input-field, .form-control, .form-select {
        border-radius: 8px !important;
        background-color: #f7fafd;
        border: 1px solid #dee2e6;
        color: #495057;
        padding: 10px;
        font-size: 15.5px;
        box-shadow: none;
        transition: border-color .2s;
    }
    .input-field:focus, .form-control:focus, .form-select:focus {
        border-color: #33bdea;
        box-shadow: 0 0 5px rgba(51,189,234,0.15);
    }

    .input-label {
        position: absolute;
        left: 10px;
        top: 51%;
        transform: translateY(-50%);
        color: #707c94;
        background: transparent;
        font-size: 14.5px;
        padding: 0 4px;
        transition: 0.3s;
        pointer-events: none;
    }
    .input-field:focus + .input-label,
    .input-field:not(:placeholder-shown) + .input-label {
        top: 5px;
        font-size: 11.5px;
        color: #2176ae;
        background: #fff;
    }
    .toggle-container,.toggle-container2 {
        display: flex;
        align-items: center;
        justify-content: space-between;
        font-size: 17.5px;
        font-weight: 500;
        width: 100%;
    }
    .slider, .slider2 {
        position: absolute;
        cursor: pointer;
        top: 0; left: 0; right: 0; bottom: 0;
        background-color: #53C883;
        transition: 0.4s;
        border-radius: 34px;
    }
    .slider2 { background-color: #EC524B; }
    .slider:before, .slider2:before {
        content: "";
        position: absolute;
        height: 20px;
        width: 20px;
        bottom: 2.5px;
        transition: .4s;
        border-radius: 50%;
        background: #fff;
    }
    .slider:before { left: 25px; }
    .slider2:before { left: 4px; }
    input:checked + .slider { background-color: #EC524B; }
    input:checked + .slider:before { transform: translateX(-23px);}
    input:checked + .slider2 { background-color: #53C883; }
    input:checked + .slider2:before { transform: translateX(23px);}
    .switch {
        position: relative; display: inline-block; width: 50px; height: 25px;
    }
    .toggle-text { font-weight: bold; color: #EC524B; }
    .toggle-text2 { font-weight: bold; color: #53C883; }
    .btn { border-radius: 8px; font-weight: 600; }
    .btn-primary:hover { background: #3799cf; }
    .btn-success:hover { background: #43a047; }
    .modal-content { border-radius: 12px; }
    .modal-body button {
        border-radius: 6px;
        transition: all .2s;
        width: 100%; margin-bottom: 10px; text-align: left;
    }
    .modal-body button:hover { background: #33bdea; color: #fff; }
    .danger_style { color: #EC524B; border-color: #EC524B !important; }

    .form-container {
        /* ...your other styles ... */
        max-height: 82vh;
        overflow-y: auto;

        /* Hide scrollbars for Chrome, Edge and Safari */
        scrollbar-width: none; /* Firefox */
        -ms-overflow-style: none; /* IE 10+ */
    }

    .form-container::-webkit-scrollbar {
        display: none; /* Chrome, Safari, Opera */
    }
    </style>
    <div class="page-center">
        <div class="form-outer-wrapper">
            <div class="form-container">
                <form t-on-submit.prevent="submitForm" autocomplete="off">
                    <h3 class="text-center text-primary mb-3 customer_form">Customer Form</h3>
                    <hr class="mb-2"/>
<!--                    -->




<!--                    <div>-->
<!--                        <button t-on-click="startCamera">Start Camera</button>-->
<!--                        <video t-ref="videoRef" autoplay playsinline style="width: 320px; height: auto; border: 1px solid #ccc;"></video>-->
<!--                        <br/>-->
<!--                        <button t-on-click="takePhoto">Take Photo</button>-->

<!--                        &lt;!&ndash; Hidden canvas &ndash;&gt;-->
<!--                        <canvas t-ref="canvasRef" style="display:none;"></canvas>-->

<!--                        <div t-if="state.selfieDataUrl">-->
<!--                            <h3>Your selfie:</h3>-->
<!--                            <img t-att-src="state.selfieDataUrl" alt="Selfie" style="width: 320px; border-radius: 8px;"/>-->
<!--                        </div>-->
<!--                    </div>-->




                    <!-- Date & Time -->
                    <div class="mb-3 row">
                        <div class="col-6">
                            <label for="curdate">Date</label>
                            <input id="curdate" class="form-control" type="date" t-model="state.date" readonly="1"/>
                        </div>
                        <div class="col-6">
                            <label for="curtime">Time</label>
                            <input id="curtime" class="form-control" type="time" t-model="state.time" readonly="1"/>
                        </div>
                    </div>


                    <!-- Family Details Header -->
                    <div class="section-title mb-2 mt-2">Family Details</div>
                    <div class="input-container mb-3">
                        <input class="input-field" type="text" t-model="state.family_head_name" placeholder=" " required="1"/>
                        <label class="input-label">Family Head Name</label>
                    </div>
                    <div class="input-container mb-3">
                        <input class="input-field" type="text" t-model="state.father_name" placeholder=" " required="1"/>
                        <label class="input-label">Father's Name</label>
                    </div>
                    <div class="input-container mb-3">
                        <input class="input-field" type="text" t-model="state.mother_name" placeholder=" " required="1"/>
                        <label class="input-label">Mother's Name</label>
                    </div>
                    <div class="input-container mb-3">
                        <input class="input-field" type="text" t-model="state.spouse_name" placeholder=" " />
                        <label class="input-label">Spouse Name (Optional)</label>
                    </div>

                    <!-- Address Details Header -->
                    <div class="section-title mb-2 mt-3">Address Details</div>
                    <div class="mb-3 row">
                        <div class="col-6 mb-2"><input class="form-control" type="text" t-model="state.house_number" placeholder="House #" required="1"/></div>
                        <div class="col-6 mb-2"><input class="form-control" type="text" t-model="state.street_number" placeholder="Street" required="1"/></div>
                    </div>
                    <div class="mb-3 row">
                        <div class="col-6 mb-2"><input class="form-control" type="text" t-model="state.city" placeholder="City" required="1"/></div>
                        <div class="col-6 mb-2"><input class="form-control" type="text" t-model="state.pin_code" placeholder="Pin Code" required="1"/></div>
                    </div>
                    <div class="input-container mb-3">
                        <input class="input-field" type="text" t-model="state.address" placeholder=" " required="1"/>
                        <label class="input-label">Address</label>
                    </div>
                    <div class="input-container mb-3">
                        <input class="input-field" type="text" t-model="state.mobile_number" placeholder=" " required="1"/>
                        <label class="input-label">Mobile Number</label>
                    </div>

                    <!-- Newspaper Toggles -->
                    <div class="toggle-container mb-3">
                        <span>Eenadu newspaper :
                            <span t-att-class="state.eenadu_newspaper ? 'toggle-text' : 'toggle-text2'" t-esc="state.eenadu_newspaper ? 'No' : 'Yes'"/>
                        </span>
                        <label class="switch">
                            <input type="checkbox" t-model="state.eenadu_newspaper"/>
                            <span class="slider"/>
                        </label>
                    </div>
                    <div t-if="showFeedbackToImprove" class="input-container mb-3">
                        <input class="input-field" type="text" t-model="state.feedback_to_improve_eenadu_paper" placeholder=" "/>
                        <label class="input-label">Feedback to Improve Eenadu Paper</label>
                    </div>

                    <!-- Read Newspaper Section -->
                    <div t-if="showReadNewspaperSection">
                        <div class="toggle-container2 mb-3">
                            <span>Read Newspaper :
                                <span t-att-class="state.read_newspaper ? 'toggle-text2' : 'toggle-text'" t-esc="state.read_newspaper ? 'Yes' : 'No'"/>

                            </span>
                            <label class="switch">
                                <input type="checkbox" t-model="state.read_newspaper"/>
                                <span class="slider2"/>
                            </label>
                        </div>
                        <div t-if="showCurrentPaperSection">
                            <div class="input-container mb-3">
                                <input class="input-field" type="text"
                                    t-att-value="state.current_newspaper" t-model="state.current_newspaper" placeholder=" "/>
                                <label class="input-label">Current Newspaper</label>
<!--                                    readonly="1"-->
<!--                                    t-on-click="['showDropdown', 'current_newspaper']"-->
<!--                                    placeholder="Select Current Newspaper"-->

                            </div>
                            <div class="input-container mb-3">
                                <input class="input-field" type="text" t-model="state.reason_for_not_taking_eenadu_newsPaper" placeholder=" " />
                                <label class="input-label">Reason for not taking Eenadu Newspaper</label>
                            </div>
                        </div>
                        <div t-if="showNoNewsReason" class="input-container mb-3">
                            <input class="input-field" type="text" t-model="state.reason_not_reading" placeholder=" "/>
                            <label class="input-label">Reason for not Reading Newspaper</label>
                        </div>
                    </div>

                    <!-- 15 Days Free Offer -->
                    <div t-if="showFreeTrialSection" class="toggle-container2 mb-3">
                        <span>15 days free Eenadu offer :
                            <span t-att-class="state.free_offer_15_days ? 'toggle-text2' : 'toggle-text'" t-esc="state.free_offer_15_days ? 'Yes' : 'No'"/>
                        </span>
                        <label class="switch">
                            <input type="checkbox" t-model="state.free_offer_15_days"/>
                            <span class="slider2"/>
                        </label>
                    </div>
                    <t t-if="!state.free_offer_15_days">
                        <t t-if="showFreeTrialSection">
                            <div class="input-container mb-3">
                                <input class="input-field" type="text" t-model="state.reason_not_taking_offer" placeholder=" " />
                                <label class="input-label">Reason for not taking free offer</label>
                            </div>
                        </t>
                    </t>

                    <!-- Employment Status -->
                    <div class="toggle-container mb-3">
                        <span>Employed : <span t-att-class="state.employed ? 'toggle-text' : 'toggle-text2'" t-esc="state.employed ? 'No' : 'Yes'"/></span>
                        <label class="switch">
                            <input type="checkbox" t-model="state.employed"/>
                            <span class="slider"/>
                        </label>
                    </div>
                    <div t-if="showProfessionField" class="mb-3">
                        <label>Profession</label>
                        <select class="form-select" t-model="state.profession">
                            <option value="" selected="1" disabled="1">Select Profession</option>
                            <t t-foreach="PROFESSIONS" t-as="profession" t-key="profession">
                                <option t-att-value="profession"><t t-esc="profession"/></option>
                            </t>
                        </select>
                    </div>

<!--                    <div t-if="showProfessionField" class="mb-3">-->
<!--                        <label>Profession</label>-->
<!--                        <input class="form-control" t-model="state.profession" type="text" placeholder=""/>-->
<!--&lt;!&ndash;                            t-att-value="state.select_profession"&ndash;&gt;-->
<!--&lt;!&ndash;                            readonly="1"&ndash;&gt;-->
<!--&lt;!&ndash;                            t-on-click="['showDropdown', 'select_profession']"&ndash;&gt;-->
<!--&lt;!&ndash;                            placeholder="Select Profession"/>&ndash;&gt;-->
<!--                    </div>-->
                    <div t-if="showJobType" class="mt-2 mb-3">
                        <label>Job Type</label>
                        <select class="form-select" t-model="state.job_type">
                            <option value="" selected="1" disabled="1">Select Job</option>
                            <option value="govt">Government Job</option>
                            <option value="private">Private Job</option>
                        </select>
                    </div>
                    <div t-if="showJobTypeOne" class="mt-2 mb-3">
                        <label>Govt Job Type</label>
                        <select class="form-select" t-model="state.job_type_one">
                            <option value="" disabled="1" selected="1">Select Job</option>
                            <option value="central">Central Job</option>
                            <option value="psu">PSU</option>
                            <option value="state">State Job</option>
                        </select>
                        <input class="form-control mt-2" type="text" t-model="state.job_profession" placeholder="Job Profession"/>
                        <input class="form-control mt-2" type="text" t-model="state.job_designation" placeholder="Job Designation"/>
                    </div>
                    <div t-if="showPrivateJobFields" class="mb-3">
                        <input class="form-control mt-2" type="text" t-model="state.company_name" placeholder="Company Name"/>
                        <input class="form-control mt-2" type="text" t-model="state.profession" placeholder="Profession"/>
                        <input class="form-control mt-2" type="text" t-model="state.job_designation_one" placeholder="Job Designation"/>
                    </div>

                    <!-- Get Location Button -->
                    <button type="button" class="btn btn-primary w-100 mt-2 mb-3" t-on-click="getLocation">
                        📍 Get Current Location
                    </button>
                    <button class="btn btn-success w-100 mb-2" type="submit">✅ Submit</button>
                </form>

                <!-- Dropdown Modal -->
                <div class="modal fade" t-if="state.showModal" style="display:block;" tabindex="-1">
                    <div class="modal-dialog">
                        <div class="modal-content">
                            <div class="modal-header">
                                <h5 t-esc="state.modalType === 'current_newspaper' ? 'Select Newspaper' : 'Select Profession'"/>
                                <button t-on-click="closeDropdownModal" type="button" class="btn-close"/>
                            </div>
                            <div class="modal-body">
                                <button t-if="state.modalType === 'current_newspaper'" t-foreach="NEWSPAPERS" t-as="item" t-key="item"
                                    class="btn btn-light mb-1 w-100 text-left"
                                    t-on-click="['selectDropdownItem', 'current_newspaper', item]">
                                    <t t-esc="item"/>
                                </button>
                                <button t-if="state.modalType === 'select_profession'" t-foreach="PROFESSIONS" t-as="item" t-key="item"
                                    class="btn btn-light mb-1 w-100 text-left"
                                    t-on-click="['selectDropdownItem', 'select_profession', item]">
                                    <t t-esc="item"/>
                                </button>
                            </div>
                        </div>
                    </div>
                </div>
            </div>
        </div>
    </div>
</t>
</templates>
