<?xml version="1.0" encoding="UTF-8" ?>
<odoo>

    <!-- Define a category for sales_rep users -->
    <record model="ir.module.category" id="module_sales_rep_access_group">
        <field name="name">sales_rep_users</field>
        <field name="sequence">60</field>
        <!-- Uncomment the line below if you want to hide this category -->
        <!-- <field name="visible" eval="0"/> -->
    </record>

    <!-- Create user groups for different roles -->
    <record id="admin_group" model="res.groups">
        <field name="name">Admin</field>
        <field name="category_id" ref="module_sales_rep_access_group"/>
    </record>

    <!-- Circulation Head Group -->
    <record id="circulation_head_group" model="res.groups">
        <field name="name">Circulation Head</field>
        <field name="category_id" ref="module_sales_rep_access_group"/>
    </record>

    <!-- Region Head Group -->
    <record id="region_head_group" model="res.groups">
        <field name="name">Region Head</field>
        <field name="category_id" ref="module_sales_rep_access_group"/>
    </record>

    <!-- Unit Manager Group -->
    <record id="unit_manager_group" model="res.groups">
        <field name="name">Unit Manager</field>
        <field name="category_id" ref="module_sales_rep_access_group"/>
    </record>

    <!-- Unit Manager Group -->
    <record id="office_staff_group" model="res.groups">
        <field name="name">Office staff</field>
        <field name="category_id" ref="module_sales_rep_access_group"/>
    </record>

    <!-- Agent Group -->
    <record id="agent_group" model="res.groups">
        <field name="name">Agent</field>
        <field name="category_id" ref="module_sales_rep_access_group"/>
    </record>

</odoo>

<!--<field name="users" eval="[(4, ref('base.user_admin')), (4, ref('base.user_root'))]" />-->