<!--<odoo>-->
<!--    &lt;!&ndash; existing group definitions ... &ndash;&gt;-->

<!--    &lt;!&ndash; Define ir.model for unit.name &ndash;&gt;-->
<!--    <record id="model_unit_name" model="ir.model">-->
<!--        <field name="name">unit.name</field>-->
<!--        <field name="model">unit.name</field>-->
<!--        <field name="state">manual</field>-->
<!--    </record>-->

<!--    &lt;!&ndash; Define ir.model for root.map &ndash;&gt;-->
<!--    <record id="model_root_map" model="ir.model">-->
<!--        <field name="name">root.map</field>-->
<!--        <field name="model">root.map</field>-->
<!--        <field name="state">manual</field>-->
<!--    </record>-->

<!--    &lt;!&ndash; Define ir.model for customer.form &ndash;&gt;-->
<!--    <record id="model_customer_form" model="ir.model">-->
<!--        <field name="name">customer.form</field>-->
<!--        <field name="model">customer.form</field>-->
<!--        <field name="state">manual</field>-->
<!--    </record>-->
<!--</odoo>-->
